"ano","area_exportada","area_validada","diferenca"
2011,1161.81025470495,1161.81025470495,-9.09494701772928e-13
2012,15.9364290393163,15.9364290393163,-2.66453525910038e-14
2013,414.794216018639,414.794216018637,2.04636307898909e-12
2014,289.451263577682,289.451263577682,3.97903932025656e-13
2015,365.897661511799,365.8976615118,-1.30739863379858e-12
2016,257.215490784942,257.215490784942,1.13686837721616e-13
2017,1991.52323484808,1991.52323484809,-1.02318153949454e-11
2018,267.171312725304,267.171312725303,9.09494701772928e-13
2019,171.828356464151,171.828356464151,2.8421709430404e-13
2020,550.611083683426,550.611083683428,-1.81898940354586e-12
2021,705.39104672117,705.39104672117,3.41060513164848e-13
2022,395.645663884957,395.645663884956,1.47792889038101e-12
2023,248.506813418917,248.506813418917,-3.41060513164848e-13
2024,509.354860560362,509.354860560361,1.36424205265939e-12
2025,762.69113171956,762.69113171956,-4.54747350886464e-13
