"ano","pixels_com_presenca","area_queimada_ha","percentual_municipio"
2011,13970,1161.81025470495,2.05887784005647
2012,191,15.9364290393163,0.0282414107345036
2013,4998,414.794216018637,0.73506892892872
2014,3490,289.451263577682,0.512945026903537
2015,4389,365.8976615118,0.648417918471932
2016,3144,257.215490784942,0.455819073684159
2017,23932,1991.52323484809,3.52923641324513
2018,3204,267.171312725303,0.473462076136193
2019,2062,171.828356464151,0.304502042381446
2020,6606,550.611083683428,0.975753961625331
2021,8486,705.39104672117,1.25004404874812
2022,4763,395.645663884956,0.701135221167451
2023,2981,248.506813418917,0.440386172509032
2024,6129,509.354860560361,0.902642605266991
2025,9155,762.69113171956,1.35158720070325
