"codigo_original","classe","cor","soma_area_classe_ha_ano","soma_area_queimada_ha","participacao_na_soma_queimada_pct","percentual_ponderado_classe_queimada"
0,"Código 0 — sem classificação","#bdbdbd",2.52273560345354,0,0,0
3,"Formação Florestal","#1f8d49",93950.7272458971,343.036136148462,4.2309247491329,0.365123449497771
4,"Formação Savânica","#7dc975",8315.78785200304,38.4110876157921,0.473753065958137,0.461905574064638
9,"Silvicultura","#7a5900",3441.45960601107,21.2706158714918,0.262346632428966,0.618069607277656
12,"Formação Campestre","#d6bc74",59328.1050593445,2012.77932824951,24.8251334977384,3.3926236582749
15,"Pastagem","#edde8e",461662.319162044,4283.02631989551,52.8258108941353,0.927740069336732
21,"Mosaico de Usos","#ffefc3",31104.4518848931,87.5678346956904,1.08004049719599,0.281528300256661
24,"Área urbanizada","#d4271e",37304.5610093837,4.42048202629161,0.0545211563368355,0.0118497092759775
25,"Outras Áreas Não Vegetadas","#db4d4f",556.351365023044,0,0,0
29,"Afloramento Rochoso","#ad5100",8.09108557820446,0,0,0
33,"Rio, Lago e Oceano","#2532e4",10837.040983972,0.583581727953117,0.00719775590892846,0.00538506524812663
39,"Soja","#f5b3c8",8.75471956827791,0,0,0
41,"Outras Lavouras Temporárias","#f54ca9",98900.4047311244,1299.47598227221,16.0274225218063,1.31392382650509
46,"Café","#d68fe2",40374.3774204022,17.2574511603435,0.212849229358302,0.0427435721934449
47,"Citrus","#9932cc",574.524619266385,0,0,0
48,"Outras Lavouras Perenes","#e6ccff",69.9489075773954,0,0,0
