"ano","codigo_original","classe","cor","area_classe_ha","area_queimada_ha","percentual_classe_queimada","participacao_na_queima_anual_pct","situacao"
2011,0,"Código 0 — sem classificação","#bdbdbd",0.16818237356357,0,0,0,"sem_classificacao"
2011,3,"Formação Florestal","#1f8d49",5643.49444692824,62.7316963862539,1.11157540733293,5.39947862675606,"classe_original"
2011,4,"Formação Savânica","#7dc975",569.389784455241,12.4187392735545,2.18106113116098,1.06891286449424,"classe_original"
2011,9,"Silvicultura","#7a5900",150.785064185449,0,0,0,"classe_original"
2011,12,"Formação Campestre","#d6bc74",4572.59991762618,275.355206350737,6.0218521478189,23.7005315829878,"classe_original"
2011,15,"Pastagem","#edde8e",33924.2510019743,736.332184573364,2.17051861964619,63.3780070016993,"classe_original"
2011,21,"Mosaico de Usos","#ffefc3",1377.97979514054,7.33986312324099,0.532653900233161,0.631760917371572,"classe_original"
2011,24,"Área urbanizada","#d4271e",2195.57295281086,1.66810373960487,0.0759757828802405,0.143577983827359,"classe_original"
2011,25,"Outras Áreas Não Vegetadas","#db4d4f",36.3404923334915,0,0,0,"classe_original"
2011,29,"Afloramento Rochoso","#ad5100",0,0,,0,"classe_ausente_no_ano"
2011,33,"Rio, Lago e Oceano","#2532e4",796.710961662843,0,0,0,"classe_original"
2011,39,"Soja","#f5b3c8",0,0,,0,"classe_ausente_no_ano"
2011,41,"Outras Lavouras Temporárias","#f54ca9",5317.39373133539,65.9644612581937,1.24054122359729,5.67773102286361,"classe_original"
2011,46,"Café","#d68fe2",1819.35619303469,0,0,0,"classe_original"
2011,47,"Citrus","#9932cc",25.2527019853182,0,0,0,"classe_original"
2011,48,"Outras Lavouras Perenes","#e6ccff",0,0,,0,"classe_ausente_no_ano"
2012,0,"Código 0 — sem classificação","#bdbdbd",0.16818237356357,0,0,0,"sem_classificacao"
2012,3,"Formação Florestal","#1f8d49",5742.52246111456,0,0,0,"classe_original"
2012,4,"Formação Savânica","#7dc975",564.886103748136,0.25015107156744,0.0442834528779582,1.56968082969089,"classe_original"
2012,9,"Silvicultura","#7a5900",165.37645424305,0,0,0,"classe_original"
2012,12,"Formação Campestre","#d6bc74",4448.38774499247,1.0839891867823,0.0243681362534672,6.80195785459857,"classe_original"
2012,15,"Pastagem","#edde8e",32924.6313719404,13.6844901755426,0.0415630778700382,85.8692379690709,"classe_original"
2012,21,"Mosaico de Usos","#ffefc3",1611.95471678681,0,0,0,"classe_original"
2012,24,"Área urbanizada","#d4271e",2260.4611151675,0,0,0,"classe_original"
2012,25,"Outras Áreas Não Vegetadas","#db4d4f",31.7546270590805,0,0,0,"classe_original"
2012,29,"Afloramento Rochoso","#ad5100",0,0,,0,"classe_ausente_no_ano"
2012,33,"Rio, Lago e Oceano","#2532e4",764.859743668364,0,0,0,"classe_original"
2012,39,"Soja","#f5b3c8",0,0,,0,"classe_ausente_no_ano"
2012,41,"Outras Lavouras Temporárias","#f54ca9",5795.95806196242,0.917798605423902,0.0158351491783077,5.7591233466395,"classe_original"
2012,46,"Café","#d68fe2",2087.99698853887,0,0,0,"classe_original"
2012,47,"Citrus","#9932cc",30.3376542509001,0,0,0,"classe_original"
2012,48,"Outras Lavouras Perenes","#e6ccff",0,0,,0,"classe_ausente_no_ano"
2013,0,"Código 0 — sem classificação","#bdbdbd",0.16818237356357,0,0,0,"sem_classificacao"
2013,3,"Formação Florestal","#1f8d49",5871.25512070615,2.1672077154891,0.0369121707528261,0.52247780508871,"classe_original"
2013,4,"Formação Savânica","#7dc975",554.789741491814,0.166762775694327,0.0300587345479579,0.0402037369987902,"classe_original"
2013,9,"Silvicultura","#7a5900",219.596871508,0,0,0,"classe_original"
2013,12,"Formação Campestre","#d6bc74",4331.59412687871,337.070443392601,7.7816719092167,81.2620886153959,"classe_original"
2013,15,"Pastagem","#edde8e",32185.2202340614,47.0390330080821,0.146151036612454,11.3403300218556,"classe_original"
2013,21,"Mosaico de Usos","#ffefc3",1704.96305801489,0.416901043892822,0.0244522039309301,0.100507921227641,"classe_original"
2013,24,"Área urbanizada","#d4271e",2321.84264766724,0,0,0,"classe_original"
2013,25,"Outras Áreas Não Vegetadas","#db4d4f",30.0884521881696,0,0,0,"classe_original"
2013,29,"Afloramento Rochoso","#ad5100",1.41802552288793,0,0,0,"classe_original"
2013,33,"Rio, Lago e Oceano","#2532e4",737.884647723557,0,0,0,"classe_original"
2013,39,"Soja","#f5b3c8",0,0,,0,"classe_ausente_no_ano"
2013,41,"Outras Lavouras Temporárias","#f54ca9",5923.19937176103,27.9338680828794,0.47160101036029,6.73439189943388,"classe_original"
2013,46,"Café","#d68fe2",2507.6843840352,0,0,0,"classe_original"
2013,47,"Citrus","#9932cc",39.5903619135075,0,0,0,"classe_original"
2013,48,"Outras Lavouras Perenes","#e6ccff",0,0,,0,"classe_ausente_no_ano"
2014,0,"Código 0 — sem classificação","#bdbdbd",0.16818237356357,0,0,0,"sem_classificacao"
2014,3,"Formação Florestal","#1f8d49",6081.4583234447,10.5082645270969,0.172791853009769,3.63040893213331,"classe_original"
2014,4,"Formação Savânica","#7dc975",564.216511199678,0.0833846821641717,0.0147788447358396,0.0288078487319483,"classe_original"
2014,9,"Silvicultura","#7a5900",233.028238979364,0,0,0,"classe_original"
2014,12,"Formação Campestre","#d6bc74",4384.95200895153,41.2788593349187,0.941375395914281,14.2610741527616,"classe_original"
2014,15,"Pastagem","#edde8e",32167.6392303412,181.53594232,0.564343379444429,62.7172740848235,"classe_original"
2014,21,"Mosaico de Usos","#ffefc3",1847.44637568319,2.00174432786529,0.108351958368753,0.691565240767403,"classe_original"
2014,24,"Área urbanizada","#d4271e",2388.70433461627,0,0,0,"classe_original"
2014,25,"Outras Áreas Não Vegetadas","#db4d4f",29.3377502269625,0,0,0,"classe_original"
2014,29,"Afloramento Rochoso","#ad5100",1.41802552288793,0,0,0,"classe_original"
2014,33,"Rio, Lago e Oceano","#2532e4",717.654006319359,0,0,0,"classe_original"
2014,39,"Soja","#f5b3c8",0,0,,0,"classe_ausente_no_ano"
2014,41,"Outras Lavouras Temporárias","#f54ca9",5297.8198080073,54.0430683856378,1.02010016089931,18.6708697407824,"classe_original"
2014,46,"Café","#d68fe2",2667.77364666241,0,0,0,"classe_original"
2014,47,"Citrus","#9932cc",47.6787835176942,0,0,0,"classe_original"
2014,48,"Outras Lavouras Perenes","#e6ccff",0,0,,0,"classe_ausente_no_ano"
2015,0,"Código 0 — sem classificação","#bdbdbd",0.16818237356357,0,0,0,"sem_classificacao"
2015,3,"Formação Florestal","#1f8d49",6263.81343425247,5.75167151854079,0.0918237999728548,1.57193448429714,"classe_original"
2015,4,"Formação Savânica","#7dc975",574.398110749831,0,0,0,"classe_original"
2015,9,"Silvicultura","#7a5900",244.725383423949,0,0,0,"classe_original"
2015,12,"Formação Campestre","#d6bc74",4339.22407387928,130.288089048312,3.00256651488925,35.6077949528275,"classe_original"
2015,15,"Pastagem","#edde8e",31747.31618767,63.451592959529,0.199864431325292,17.341349681592,"classe_original"
2015,21,"Mosaico de Usos","#ffefc3",2059.89656929549,5.16872476679639,0.250921567802997,1.41261486762186,"classe_original"
2015,24,"Área urbanizada","#d4271e",2439.80883867712,0.0834049490086972,0.00341850343709387,0.022794611111776,"classe_original"
2015,25,"Outras Áreas Não Vegetadas","#db4d4f",30.4367736192615,0,0,0,"classe_original"
2015,29,"Afloramento Rochoso","#ad5100",1.7516781774762,0,0,0,"classe_original"
2015,33,"Rio, Lago e Oceano","#2532e4",707.493555709795,0.333467035775649,0.047133579250923,0.0911366949976791,"classe_original"
2015,39,"Soja","#f5b3c8",0,0,,0,"classe_ausente_no_ano"
2015,41,"Outras Lavouras Temporárias","#f54ca9",5085.24852819206,159.736927569925,3.14118231752807,43.6561761313071,"classe_original"
2015,46,"Café","#d68fe2",2888.58531097654,1.08378366391036,0.0375195310933699,0.296198576244633,"classe_original"
2015,47,"Citrus","#9932cc",46.4285988493388,0,0,0,"classe_original"
2015,48,"Outras Lavouras Perenes","#e6ccff",0,0,,0,"classe_ausente_no_ano"
2016,0,"Código 0 — sem classificação","#bdbdbd",0.16818237356357,0,0,0,"sem_classificacao"
2016,3,"Formação Florestal","#1f8d49",6362.03764316659,3.50289506045563,0.0550593262241706,1.36185229348585,"classe_original"
2016,4,"Formação Savânica","#7dc975",567.811773266501,5.15559795889306,0.907976586894984,2.00438859384393,"classe_original"
2016,9,"Silvicultura","#7a5900",247.057614351181,0,0,0,"classe_original"
2016,12,"Formação Campestre","#d6bc74",4198.9087720348,46.1037823638071,1.09799438060821,17.9241857568969,"classe_original"
2016,15,"Pastagem","#edde8e",31293.2369064777,113.716972785365,0.363391531292264,44.2107792335277,"classe_original"
2016,21,"Mosaico de Usos","#ffefc3",2071.53324895974,7.5877961928898,0.366288892379602,2.94997636796065,"classe_original"
2016,24,"Área urbanizada","#d4271e",2476.28415654763,0.667240931736698,0.0269452489922218,0.25940931073027,"classe_original"
2016,25,"Outras Áreas Não Vegetadas","#db4d4f",32.1036730652984,0,0,0,"classe_original"
2016,29,"Afloramento Rochoso","#ad5100",1.7516781774762,0,0,0,"classe_original"
2016,33,"Rio, Lago e Oceano","#2532e4",714.573095397245,0.0833776518200108,0.0116681767557537,0.0324154861612604,"classe_original"
2016,39,"Soja","#f5b3c8",0,0,,0,"classe_ausente_no_ano"
2016,41,"Outras Lavouras Temporárias","#f54ca9",5488.75285115792,80.3144498187506,1.46325498700142,31.2245773276158,"classe_original"
2016,46,"Café","#d68fe2",2934.56466294172,0.0833780212237153,0.00284123987031637,0.0324156297776901,"classe_original"
2016,47,"Citrus","#9932cc",40.5109679287465,0,0,0,"classe_original"
2016,48,"Outras Lavouras Perenes","#e6ccff",0,0,,0,"classe_ausente_no_ano"
2017,0,"Código 0 — sem classificação","#bdbdbd",0.16818237356357,0,0,0,"sem_classificacao"
2017,3,"Formação Florestal","#1f8d49",6389.46932657129,149.45874400076,2.3391417402885,7.50474518125118,"classe_original"
2017,4,"Formação Savânica","#7dc975",567.228551756073,9.1674641750104,1.61618524783864,0.460324238984321,"classe_original"
2017,9,"Silvicultura","#7a5900",236.384502400758,0.250308754194823,0.1058905095946,0.0125687087057217,"classe_original"
2017,12,"Formação Campestre","#d6bc74",4064.40685999478,367.214019470469,9.03487352816199,18.438851882061,"classe_original"
2017,15,"Pastagem","#edde8e",30909.5137950362,1242.78200435553,4.02071029844252,62.4035905084646,"classe_original"
2017,21,"Mosaico de Usos","#ffefc3",2078.1819815057,31.3642919599433,1.50921777972586,1.57488958256295,"classe_original"
2017,24,"Área urbanizada","#d4271e",2484.11633326742,0,0,0,"classe_original"
2017,25,"Outras Áreas Não Vegetadas","#db4d4f",30.0988500226169,0,0,0,"classe_original"
2017,29,"Afloramento Rochoso","#ad5100",1.7516781774762,0,0,0,"classe_original"
2017,33,"Rio, Lago e Oceano","#2532e4",688.493599514175,0,0,0,"classe_original"
2017,39,"Soja","#f5b3c8",0,0,,0,"classe_ausente_no_ano"
2017,41,"Outras Lavouras Temporárias","#f54ca9",6022.34727764329,191.286402132172,3.17627651335025,9.60502989796969,"classe_original"
2017,46,"Café","#d68fe2",2922.0444090581,0,0,0,"classe_original"
2017,47,"Citrus","#9932cc",35.0898785247318,0,0,0,"classe_original"
2017,48,"Outras Lavouras Perenes","#e6ccff",0,0,,0,"classe_ausente_no_ano"
2018,0,"Código 0 — sem classificação","#bdbdbd",0.16818237356357,0,0,0,"sem_classificacao"
2018,3,"Formação Florestal","#1f8d49",6368.03058181984,1.83478354874622,0.0288124173584273,0.686744220414369,"classe_original"
2018,4,"Formação Savânica","#7dc975",565.922576485316,0,0,0,"classe_original"
2018,9,"Silvicultura","#7a5900",242.524383424495,0,0,0,"classe_original"
2018,12,"Formação Campestre","#d6bc74",3925.2176332837,4.0845293620056,0.104058672501902,1.52880536474557,"classe_original"
2018,15,"Pastagem","#edde8e",30510.6495723438,75.5733662224894,0.247695041835466,28.2864823515657,"classe_original"
2018,21,"Mosaico de Usos","#ffefc3",2194.53333933066,1.50063276365075,0.0683804951492988,0.561674361047008,"classe_original"
2018,24,"Área urbanizada","#d4271e",2515.68690086134,0.0833539145054302,0.00331336600261706,0.0311986768546262,"classe_original"
2018,25,"Outras Áreas Não Vegetadas","#db4d4f",37.3412020013522,0,0,0,"classe_original"
2018,29,"Afloramento Rochoso","#ad5100",0,0,,0,"classe_ausente_no_ano"
2018,33,"Rio, Lago e Oceano","#2532e4",693.285726884177,0.166737040357457,0.0240502629567783,0.062408287273301,"classe_original"
2018,39,"Soja","#f5b3c8",0,0,,0,"classe_ausente_no_ano"
2018,41,"Outras Lavouras Temporárias","#f54ca9",6509.02440049195,183.927909873549,2.82573698540211,68.8426867380997,"classe_original"
2018,46,"Café","#d68fe2",2834.90441941675,0,0,0,"classe_original"
2018,47,"Citrus","#9932cc",32.0063071292276,0,0,0,"classe_original"
2018,48,"Outras Lavouras Perenes","#e6ccff",0,0,,0,"classe_ausente_no_ano"
2019,0,"Código 0 — sem classificação","#bdbdbd",0.16818237356357,0,0,0,"sem_classificacao"
2019,3,"Formação Florestal","#1f8d49",6362.29594196629,0.408646065367289,0.00642293393917472,0.237822251097738,"classe_original"
2019,4,"Formação Savânica","#7dc975",559.207563072427,0,0,0,"classe_original"
2019,9,"Silvicultura","#7a5900",259.822365401395,0,0,0,"classe_original"
2019,12,"Formação Campestre","#d6bc74",3867.63284488616,4.252037504326,0.109939016314543,2.47458428388862,"classe_original"
2019,15,"Pastagem","#edde8e",30608.5136562112,128.730109249072,0.42056961894636,74.9178493573784,"classe_original"
2019,21,"Mosaico de Usos","#ffefc3",2142.77859739447,1.00095403893597,0.0467129007239988,0.582531346707493,"classe_original"
2019,24,"Área urbanizada","#d4271e",2529.74567236019,0.333567919062592,0.0131858282319496,0.194128562902355,"classe_original"
2019,25,"Outras Áreas Não Vegetadas","#db4d4f",37.9522246041488,0,0,0,"classe_original"
2019,29,"Afloramento Rochoso","#ad5100",0,0,,0,"classe_ausente_no_ano"
2019,33,"Rio, Lago e Oceano","#2532e4",686.924013385181,0,0,0,"classe_original"
2019,39,"Soja","#f5b3c8",1.2506742240397,0,0,0,"classe_original"
2019,41,"Outras Lavouras Temporárias","#f54ca9",6478.92057547075,33.3511625217291,0.51476418229291,19.4095801228753,"classe_original"
2019,46,"Café","#d68fe2",2848.15721749732,3.75187916565846,0.131730058390359,2.18350407515026,"classe_original"
2019,47,"Citrus","#9932cc",44.9253466530291,0,0,0,"classe_original"
2019,48,"Outras Lavouras Perenes","#e6ccff",1.00035034598722,0,0,0,"classe_original"
2020,0,"Código 0 — sem classificação","#bdbdbd",0.16818237356357,0,0,0,"sem_classificacao"
2020,3,"Formação Florestal","#1f8d49",6337.48576439303,10.0928531697439,0.159256423524456,1.83302760675023,"classe_original"
2020,4,"Formação Savânica","#7dc975",557.653405573074,0.0833536031037255,0.0149472059653374,0.0151383808960245,"classe_original"
2020,9,"Silvicultura","#7a5900",250.920293559445,21.020307117297,8.37728460265693,3.8176323979309,"classe_original"
2020,12,"Formação Campestre","#d6bc74",3800.29542505342,97.7635728737072,2.57252560496223,17.75546765599,"classe_original"
2020,15,"Pastagem","#edde8e",30451.814877653,314.641912594867,1.03324519034091,57.1441298438827,"classe_original"
2020,21,"Mosaico de Usos","#ffefc3",2099.00523062344,5.17105533472932,0.246357429666502,0.939148427622717,"classe_original"
2020,24,"Área urbanizada","#d4271e",2550.18325469215,0,0,0,"classe_original"
2020,25,"Outras Áreas Não Vegetadas","#db4d4f",42.3680818895701,0,0,0,"classe_original"
2020,29,"Afloramento Rochoso","#ad5100",0,0,,0,"classe_ausente_no_ano"
2020,33,"Rio, Lago e Oceano","#2532e4",684.312596795134,0,0,0,"classe_original"
2020,39,"Soja","#f5b3c8",1.2506742240397,0,0,0,"classe_original"
2020,41,"Outras Lavouras Temporárias","#f54ca9",6742.4995612254,101.838028989978,1.51038984971724,18.4954556869271,"classe_original"
2020,46,"Café","#d68fe2",2853.90892023111,0,0,0,"classe_original"
2020,47,"Citrus","#9932cc",47.2589229527257,0,0,0,"classe_original"
2020,48,"Outras Lavouras Perenes","#e6ccff",10.1700346070236,0,0,0,"classe_original"
2021,0,"Código 0 — sem classificação","#bdbdbd",0.16818237356357,0,0,0,"sem_classificacao"
2021,3,"Formação Florestal","#1f8d49",6348.02067683585,2.08496703502595,0.0328443642698592,0.295576055964615,"classe_original"
2021,4,"Formação Savânica","#7dc975",546.946865091878,0,0,0,"classe_original"
2021,9,"Silvicultura","#7a5900",235.497129702103,0,0,0,"classe_original"
2021,12,"Formação Campestre","#d6bc74",3697.70942407125,311.66990219732,8.42872888195107,44.1839889584703,"classe_original"
2021,15,"Pastagem","#edde8e",30048.0596419619,266.954199554949,0.888424087065341,37.8448522696478,"classe_original"
2021,21,"Mosaico de Usos","#ffefc3",2142.11322142847,3.419211336243,0.159618609419855,0.484725649997449,"classe_original"
2021,24,"Área urbanizada","#d4271e",2569.78254050851,0.667240933011238,0.0259648792258976,0.094591636243859,"classe_original"
2021,25,"Outras Áreas Não Vegetadas","#db4d4f",43.7867223152858,0,0,0,"classe_original"
2021,29,"Afloramento Rochoso","#ad5100",0,0,,0,"classe_ausente_no_ano"
2021,33,"Rio, Lago e Oceano","#2532e4",690.0271397535,0,0,0,"classe_original"
2021,39,"Soja","#f5b3c8",1.2506742240397,0,0,0,"classe_original"
2021,41,"Outras Lavouras Temporárias","#f54ca9",7207.83636502328,117.427278006476,1.62916126365331,16.6471177302727,"classe_original"
2021,46,"Café","#d68fe2",2842.41635881087,3.16824765814462,0.111463179851317,0.449147699403247,"classe_original"
2021,47,"Citrus","#9932cc",43.7579317617792,0,0,0,"classe_original"
2021,48,"Outras Lavouras Perenes","#e6ccff",11.9223519838519,0,0,0,"classe_original"
2022,0,"Código 0 — sem classificação","#bdbdbd",0.16818237356357,0,0,0,"sem_classificacao"
2022,3,"Formação Florestal","#1f8d49",6423.96695531064,8.09130360023098,0.125954938070501,2.04508840581752,"classe_original"
2022,4,"Formação Savânica","#7dc975",537.344039197219,0,0,0,"classe_original"
2022,9,"Silvicultura","#7a5900",239.848470311711,0,0,0,"classe_original"
2022,12,"Formação Campestre","#d6bc74",3604.1428148489,20.0593102386829,0.556562580040933,5.07001897650411,"classe_original"
2022,15,"Pastagem","#edde8e",28721.4238030929,219.615653022421,0.764640550301589,55.5081662884798,"classe_original"
2022,21,"Mosaico de Usos","#ffefc3",2385.51253383228,2.50199950526446,0.104883100372776,0.632383906522979,"classe_original"
2022,24,"Área urbanizada","#d4271e",2584.8794079525,0.25025275398942,0.00968140924561146,0.0632517368020965,"classe_original"
2022,25,"Outras Áreas Não Vegetadas","#db4d4f",42.4815791877643,0,0,0,"classe_original"
2022,29,"Afloramento Rochoso","#ad5100",0,0,,0,"classe_ausente_no_ano"
2022,33,"Rio, Lago e Oceano","#2532e4",703.351265319888,0,0,0,"classe_original"
2022,39,"Soja","#f5b3c8",1.2506742240397,0,0,0,"classe_original"
2022,41,"Outras Lavouras Temporárias","#f54ca9",8343.80386412186,145.127144764368,1.73934031920874,36.6810906858738,"classe_original"
2022,46,"Café","#d68fe2",2790.1089519129,0,0,0,"classe_original"
2022,47,"Citrus","#9932cc",40.0072526039157,0,0,0,"classe_original"
2022,48,"Outras Lavouras Perenes","#e6ccff",11.0054315560165,0,0,0,"classe_original"
2023,0,"Código 0 — sem classificação","#bdbdbd",0.16818237356357,0,0,0,"sem_classificacao"
2023,3,"Formação Florestal","#1f8d49",6504.84882902431,5.41858586148433,0.08330071926202,2.18045766509831,"classe_original"
2023,4,"Formação Savânica","#7dc975",533.525329104687,2.91730187254487,0.546797258424528,1.17393234914129,"classe_original"
2023,9,"Silvicultura","#7a5900",240.348160443514,0,0,0,"classe_original"
2023,12,"Formação Campestre","#d6bc74",3446.09046379692,145.537042586363,4.22325078564563,58.5646085852083,"classe_original"
2023,15,"Pastagem","#edde8e",28788.8515489478,48.6930448961058,0.169138545917041,19.5942494397617,"classe_original"
2023,21,"Mosaico de Usos","#ffefc3",2392.4146879822,2.66761820566362,0.11150316954096,1.0734587792435,"classe_original"
2023,24,"Área urbanizada","#d4271e",2638.04601733028,0.0833934673779727,0.00316118319506676,0.0335578192930241,"classe_original"
2023,25,"Outras Áreas Não Vegetadas","#db4d4f",42.8445828394214,0,0,0,"classe_original"
2023,29,"Afloramento Rochoso","#ad5100",0,0,,0,"classe_ausente_no_ano"
2023,33,"Rio, Lago e Oceano","#2532e4",786.954171753624,0,0,0,"classe_original"
2023,39,"Soja","#f5b3c8",1.2506742240397,0,0,0,"classe_original"
2023,41,"Outras Lavouras Temporárias","#f54ca9",8208.91893211985,34.019663877971,0.414423192131413,13.6896302398851,"classe_original"
2023,46,"Café","#d68fe2",2798.94009426198,9.17016265140639,0.327629829241642,3.69010512236858,"classe_original"
2023,47,"Citrus","#9932cc",34.171080038318,0,0,0,"classe_original"
2023,48,"Outras Lavouras Perenes","#e6ccff",11.922471605588,0,0,0,"classe_original"
2024,0,"Código 0 — sem classificação","#bdbdbd",0.16818237356357,0,0,0,"sem_classificacao"
2024,3,"Formação Florestal","#1f8d49",6610.64118802476,15.9343586048334,0.241041045060782,3.128341327165,"classe_original"
2024,4,"Formação Savânica","#7dc975",527.901790457714,5.08514375465538,0.963274579964267,0.998349902671199,"classe_original"
2024,9,"Silvicultura","#7a5900",238.731896977932,0,0,0,"classe_original"
2024,12,"Formação Campestre","#d6bc74",3329.83411758325,73.9725040180797,2.22150718041678,14.5227835730673,"classe_original"
2024,15,"Pastagem","#edde8e",28792.1971749854,379.667677996368,1.31864781172804,74.5389329511219,"classe_original"
2024,21,"Mosaico de Usos","#ffefc3",2409.46523571695,2.91987837596302,0.121183669001732,0.57325032154415,"classe_original"
2024,24,"Área urbanizada","#d4271e",2657.40935755789,0.166823438364677,0.00627767181936866,0.0327519085969158,"classe_original"
2024,25,"Outras Áreas Não Vegetadas","#db4d4f",45.3312011089813,0,0,0,"classe_original"
2024,29,"Afloramento Rochoso","#ad5100",0,0,,0,"classe_ausente_no_ano"
2024,33,"Rio, Lago e Oceano","#2532e4",734.494903974952,0,0,0,"classe_original"
2024,39,"Soja","#f5b3c8",1.2506742240397,0,0,0,"classe_original"
2024,41,"Outras Lavouras Temporárias","#f54ca9",8245.59053835649,31.6084743720984,0.383337909214185,6.2055900158339,"classe_original"
2024,46,"Café","#d68fe2",2790.18538938572,0,0,0,"classe_original"
2024,47,"Citrus","#9932cc",34.1711035129096,0,0,0,"classe_original"
2024,48,"Outras Lavouras Perenes","#e6ccff",11.922471605588,0,0,0,"classe_original"
2025,0,"Código 0 — sem classificação","#bdbdbd",0.16818237356357,0,0,0,"sem_classificacao"
2025,3,"Formação Florestal","#1f8d49",6641.38655233841,65.0501590544343,0.979466539732284,8.52903047499353,"classe_original"
2025,4,"Formação Savânica","#7dc975",524.565706353456,3.08318844860418,0.587760200726257,0.40425125196524,"classe_original"
2025,9,"Silvicultura","#7a5900",236.812777098721,0,0,0,"classe_original"
2025,12,"Formação Campestre","#d6bc74",3317.10883146315,157.046040321399,4.73442531736672,20.5910405654414,"classe_original"
2025,15,"Pastagem","#edde8e",28589.0001593469,450.608136181826,1.57615912998099,59.0813394100817,"classe_original"
2025,21,"Mosaico de Usos","#ffefc3",2586.67329319826,14.5071637206117,0.560842521502763,1.90210205904766,"classe_original"
2025,24,"Área urbanizada","#d4271e",2692.03747936679,0.417099979630016,0.0154938399939411,0.0546879283478259,"classe_original"
2025,25,"Outras Áreas Não Vegetadas","#db4d4f",44.0851525616395,0,0,0,"classe_original"
2025,29,"Afloramento Rochoso","#ad5100",0,0,,0,"classe_ausente_no_ano"
2025,33,"Rio, Lago e Oceano","#2532e4",730.021556110209,0,0,0,"classe_original"
2025,39,"Soja","#f5b3c8",1.2506742240397,0,0,0,"classe_original"
2025,41,"Outras Lavouras Temporárias","#f54ca9",8233.09086425544,71.9793440130544,0.874268791633989,9.43754831012261,"classe_original"
2025,46,"Café","#d68fe2",2787.750473638,0,0,0,"classe_original"
2025,47,"Citrus","#9932cc",33.3377276442433,0,0,0,"classe_original"
2025,48,"Outras Lavouras Perenes","#e6ccff",12.0057958733402,0,0,0,"classe_original"
