"codigo_original","classe","cor","fonte"
0,"Código 0 — sem classificação","#bdbdbd","Código de preenchimento local; cor cinza de apresentação"
3,"Formação Florestal","#1f8d49","https://brasil.mapbiomas.org/iniciativas-e-produtos/cobertura-e-uso-da-terra/cobertura-30m/cobertura/"
4,"Formação Savânica","#7dc975","https://brasil.mapbiomas.org/iniciativas-e-produtos/cobertura-e-uso-da-terra/cobertura-30m/cobertura/"
9,"Silvicultura","#7a5900","https://brasil.mapbiomas.org/iniciativas-e-produtos/cobertura-e-uso-da-terra/cobertura-30m/cobertura/"
12,"Formação Campestre","#d6bc74","https://brasil.mapbiomas.org/iniciativas-e-produtos/cobertura-e-uso-da-terra/cobertura-30m/cobertura/"
15,"Pastagem","#edde8e","https://brasil.mapbiomas.org/iniciativas-e-produtos/cobertura-e-uso-da-terra/cobertura-30m/cobertura/"
21,"Mosaico de Usos","#ffefc3","https://brasil.mapbiomas.org/iniciativas-e-produtos/cobertura-e-uso-da-terra/cobertura-30m/cobertura/"
24,"Área urbanizada","#d4271e","https://brasil.mapbiomas.org/iniciativas-e-produtos/cobertura-e-uso-da-terra/cobertura-30m/cobertura/"
25,"Outras Áreas Não Vegetadas","#db4d4f","https://brasil.mapbiomas.org/iniciativas-e-produtos/cobertura-e-uso-da-terra/cobertura-30m/cobertura/"
29,"Afloramento Rochoso","#ad5100","https://brasil.mapbiomas.org/iniciativas-e-produtos/cobertura-e-uso-da-terra/cobertura-30m/cobertura/"
33,"Rio, Lago e Oceano","#2532e4","https://brasil.mapbiomas.org/iniciativas-e-produtos/cobertura-e-uso-da-terra/cobertura-30m/cobertura/"
39,"Soja","#f5b3c8","https://brasil.mapbiomas.org/iniciativas-e-produtos/cobertura-e-uso-da-terra/cobertura-30m/cobertura/"
41,"Outras Lavouras Temporárias","#f54ca9","https://brasil.mapbiomas.org/iniciativas-e-produtos/cobertura-e-uso-da-terra/cobertura-30m/cobertura/"
46,"Café","#d68fe2","https://brasil.mapbiomas.org/iniciativas-e-produtos/cobertura-e-uso-da-terra/cobertura-30m/cobertura/"
47,"Citrus","#9932cc","https://brasil.mapbiomas.org/iniciativas-e-produtos/cobertura-e-uso-da-terra/cobertura-30m/cobertura/"
48,"Outras Lavouras Perenes","#e6ccff","https://brasil.mapbiomas.org/iniciativas-e-produtos/cobertura-e-uso-da-terra/cobertura-30m/cobertura/"
