"ano","mes","area_queimada_ha"
2011,1,0
2011,2,0
2011,3,0
2011,4,0.166708576070585
2011,5,0.667267059231824
2011,6,0.417023103945519
2011,7,0.213927908867534
2011,8,19.6744373242313
2011,9,463.496911637539
2011,10,677.173979095063
2011,11,0
2011,12,0
2012,1,0
2012,2,0
2012,3,0
2012,4,0
2012,5,0
2012,6,0
2012,7,0
2012,8,1.3346542409633
2012,9,6.92545226159194
2012,10,7.67632253676103
2012,11,0
2012,12,0
2013,1,0
2013,2,0
2013,3,0
2013,4,0.916822282559637
2013,5,22.3432544908615
2013,6,0
2013,7,0.00920426022884112
2013,8,10.7596852850608
2013,9,84.5287526302284
2013,10,280.479173348509
2013,11,15.7573237211912
2013,12,0
2014,1,0
2014,2,0
2014,3,0
2014,4,0
2014,5,2.25219348453612
2014,6,13.3397886763141
2014,7,0.750827916677765
2014,8,43.0429170896955
2014,9,23.2647968664496
2014,10,159.081761254573
2014,11,47.7189782894359
2014,12,0
2015,1,0.166736731020675
2015,2,0
2015,3,0
2015,4,0
2015,5,61.3590728152217
2015,6,77.7812811294565
2015,7,6.33932136493951
2015,8,24.271147316597
2015,9,6.58886065847362
2015,10,187.80730141837
2015,11,0.166713624251489
2015,12,1.41722645346824
2016,1,0
2016,2,0
2016,3,0
2016,4,0
2016,5,0
2016,6,0
2016,7,1.2509965183163
2016,8,86.292150194818
2016,9,138.436577811893
2016,10,27.4556419133911
2016,11,0
2016,12,3.7801243465239
2017,1,0.250188716889333
2017,2,0.249961551984093
2017,3,1.08453446447276
2017,4,5.67224108427632
2017,5,0
2017,6,14.0986773847037
2017,7,9.7605499207832
2017,8,24.1848563213006
2017,9,1275.0962147075
2017,10,660.542133071646
2017,11,0.417183017522714
2017,12,0.166694606996095
2018,1,0
2018,2,0
2018,3,0
2018,4,0
2018,5,70.3635137897879
2018,6,17.8531487949684
2018,7,17.4325678679787
2018,8,8.59161762975945
2018,9,148.009080598284
2018,10,0
2018,11,0.833971987508644
2018,12,4.08741205701702
2019,1,0
2019,2,0
2019,3,0
2019,4,2.50213956964351
2019,5,0
2019,6,0
2019,7,6.6724102372234
2019,8,41.11763533015
2019,9,99.4437907353799
2019,10,22.0923805917544
2019,11,0
2019,12,0
2020,1,0
2020,2,0.417068970851871
2020,3,0
2020,4,6.66909158429907
2020,5,0
2020,6,1.33369057734886
2020,7,2.00100927317035
2020,8,241.347748047697
2020,9,295.589305391572
2020,10,2.58585771454633
2020,11,0.250252970124603
2020,12,0.41705915381603
2021,1,0
2021,2,1.33328850099619
2021,3,3.08460874085573
2021,4,1.50105647556818
2021,5,0
2021,6,82.3994995410639
2021,7,8.25662715649074
2021,8,361.026467171227
2021,9,0.834021582805277
2021,10,238.035592825394
2021,11,8.50313078931289
2021,12,0.416753937456166
2022,1,0
2022,2,0
2022,3,0
2022,4,0
2022,5,0
2022,6,0.583947874428296
2022,7,44.6279644454234
2022,8,78.3174370797658
2022,9,221.511266900511
2022,10,49.270509808987
2022,11,1.33453777584213
2022,12,0
2023,1,0.0833510722351674
2023,2,0
2023,3,0.250091597403908
2023,4,0
2023,5,0
2023,6,0.833803333310273
2023,7,7.00553672072568
2023,8,175.636015791262
2023,9,46.8571908904934
2023,10,13.1717716924147
2023,11,4.66905232107153
2023,12,0
2024,1,0.250284877938895
2024,2,0
2024,3,0
2024,4,7.33703445592177
2024,5,3.21989955832481
2024,6,11.6036334762278
2024,7,18.8511167607598
2024,8,91.482609354049
2024,9,375.215999584129
2024,10,1.06094659894762
2024,11,0.333335894063562
2024,12,0
2025,1,0
2025,2,0
2025,3,0
2025,4,0.0834276626849094
2025,5,1.09994295664498
2025,6,3.87680563050798
2025,7,6.92351446778182
2025,8,81.9758782409022
2025,9,473.28005181264
2025,10,185.444367676713
2025,11,10.0071432716841
2025,12,0
