"periodo","anos_com_queima","pixels_com_intersecao","area_ha"
"2011-2015",0,655127,54312.8103731717
"2011-2015",1,23915,1987.99946785656
"2011-2015",2,1509,125.56579745795
"2011-2015",3,35,2.91958735997648
"2011-2015",4,0,0
"2011-2015",5,0,0
"2016-2020",0,643768,53368.1519051196
"2016-2020",1,34853,2897.70093889291
"2016-2020",2,1840,153.015261296312
"2016-2020",3,85,7.09046512894124
"2016-2020",4,40,3.33665540838507
"2016-2020",5,0,0
"2021-2025",0,652446,54089.0902890316
"2021-2025",1,25126,2088.85020562438
"2021-2025",2,2699,225.078733308481
"2021-2025",3,270,22.5221474632335
"2021-2025",4,45,3.75385041848014
"2021-2025",5,0,0
