"anos_com_queima","pixels_com_intersecao","area_ha","percentual_municipio"
0,612172,50741.4597985039,89.9204209363664
1,47646,3960.5740990713,7.01864888303158
2,15035,1250.07852353931,2.21530061386764
3,3709,308.419892850361,0.546559888114831
4,1574,131.234661021439,0.232564770650077
5,373,31.1063164145678,0.0551244106276227
6,52,4.3365197161918,0.00768487307671657
7,18,1.50150011507866,0.00266085214970217
8,5,0.417081824577353,0.00073912286678061
9,2,0.166832789370949,0.000295649252224828
10,0,0,0
11,0,0,0
12,0,0,0
13,0,0,0
14,0,0,0
15,0,0,0
