"ano","area_observada_ha","area_ajustada_sen_ha","residuo_sen_ha"
2011,1161.81025470495,302.138906379107,859.671348325843
2012,15.9364290393163,318.078595162278,-302.142166122962
2013,414.794216018637,334.018283945454,80.7759320731832
2014,289.451263577682,349.957972728625,-60.5067091509434
2015,365.8976615118,365.897661511797,2.78532752417959e-12
2016,257.215490784942,381.837350294973,-124.621859510031
2017,1991.52323484809,397.777039078144,1593.74619576995
2018,267.171312725303,413.71672786132,-146.545415136017
2019,171.828356464151,429.656416644491,-257.82806018034
2020,550.611083683428,445.596105427667,105.014978255761
2021,705.39104672117,461.535794210839,243.855252510332
2022,395.645663884956,477.475482994014,-81.8298191090579
2023,248.506813418917,493.415171777186,-244.908358358269
2024,509.354860560361,509.354860560361,0
2025,762.69113171956,525.294549343533,237.396582376027
