codigo_original,classe,cor,area_total_classe_ha,area_queimada_unica_ha,participacao_area_queimada_total_pct,percentual_da_classe_atingido_pct
0,Código 0 — sem classificação,#bdbdbd,0.16818237356356952,0.0,0.0,0.0
3,Formação Florestal,#1f8d49,6641.386552338414,239.1479837948129,4.204551746437602,3.6008743341495393
4,Formação Savânica,#7dc975,524.5657063534561,25.658699532098385,0.45111536470892843,4.891417647269791
9,Silvicultura,#7a5900,236.81277709872052,17.517127865503365,0.3079752937522798,7.397036629573822
12,Formação Campestre,#d6bc74,3317.108831463149,1167.9520018176459,20.534208781835392,35.20993917171153
15,Pastagem,#edde8e,28589.00015934688,3048.247973747779,53.59240809068487,10.662310527677498
21,Mosaico de Usos,#ffefc3,2586.673293198258,106.46250495338282,1.871757829729094,4.115807946574833
24,Área urbanizada,#808080,2692.037479366789,14.012364094463447,0.24635670763440365,0.5205114788282733
25,Outras Áreas Não Vegetadas,#db4d4f,44.085152561639546,1.416718872157352,0.02490787383451695,3.2135963920653463
33,"Rio, Lago e Oceano",#2532e4,730.0215561102088,2.251969907659977,0.03959274026872248,0.30847991936829944
39,Soja,#f5b3c8,1.2506742240397009,0.0,0.0,0.0
41,Outras Lavouras Temporárias,#f54ca9,8233.090864255437,1044.9112055096844,18.370981700466483,12.691602980434023
46,Café,#d68fe2,2787.7504736379983,20.256877247007658,0.35614387064770026,0.7266388236165394
47,Citrus,#9932cc,33.33772764424331,0.0,0.0,0.0
48,Outras Lavouras Perenes,#e6ccff,12.005795873340212,0.0,0.0,0.0
